Date,Open
2009-09-30,1096.0
2009-10-01,1102.0
2009-10-05,1152.0
2009-10-06,1149.8
2009-10-07,1153.8
2009-10-08,1145.0
2009-10-09,1176.0
2009-10-12,1184.0
2009-10-14,1198.0
2009-10-15,1198.0
2009-10-16,1188.65
2009-10-17,1240.0
2009-10-20,1196.0
2009-10-21,1184.0
2009-10-22,1165.0
2009-10-23,1174.9
2009-10-26,1151.3
2009-10-27,1150.05
2009-10-28,1141.0
2009-10-29,1125.25
2009-10-30,1145.0
2009-11-03,1102.0
2009-11-04,1124.9
2009-11-05,1127.0
2009-11-06,1155.0
2009-11-09,1150.05
2009-11-10,1157.0
2009-11-11,1147.0
2009-11-12,1190.0
2009-11-13,1175.0
2009-11-16,1200.0
2009-11-17,1200.0
2009-11-18,1202.0
2009-11-19,1210.0
2009-11-20,1214.1
2009-11-23,1210.0
2009-11-24,1229.9
2009-11-25,1198.2
2009-11-26,1242.0
2009-11-27,1239.9
2009-11-30,1245.5
2009-12-01,1280.0
2009-12-02,1333.5
2009-12-03,1351.7
2009-12-04,1300.0
2009-12-07,1261.0
2009-12-08,1275.0
2009-12-09,1264.1
2009-12-10,1245.0
2009-12-11,1247.9
2009-12-14,1249.8
2009-12-15,1245.0
2009-12-16,1240.0
2009-12-17,1244.0
2009-12-18,1236.0
2009-12-21,1252.25
2009-12-22,1240.0
2009-12-23,1230.4
2009-12-24,1248.95
2009-12-29,1254.0
2009-12-30,1264.0
2009-12-31,1263.0
2010-01-04,1259.9
2010-01-05,1259.55
2010-01-06,1255.1
2010-01-07,1246.1
2010-01-08,1248.9
2010-01-11,1267.0
2010-01-12,1260.0
2010-01-13,1226.3
2010-01-14,1250.1
2010-01-15,1255.0
2010-01-18,1250.0
2010-01-19,1239.7
2010-01-20,1235.0
2010-01-21,1227.6
2010-01-22,1190.0
2010-01-25,1190.1
2010-01-27,1184.4
2010-01-28,1175.0
2010-01-29,1172.1
2010-02-01,1125.0
2010-02-02,1150.0
2010-02-03,1166.0
2010-02-04,1194.0
2010-02-05,1170.0
2010-02-06,1165.0
2010-02-08,1152.3
2010-02-09,1154.3
2010-02-10,1180.3
2010-02-11,1175.0
2010-02-15,1165.0
2010-02-16,1145.0
2010-02-17,1157.0
2010-02-18,1150.0
2010-02-19,1132.0
2010-02-22,1151.0
2010-02-23,1131.5
2010-02-24,1138.05
2010-02-25,1152.0
2010-02-26,1155.0
2010-03-02,1160.1
2010-03-03,1140.0
2010-03-04,1150.0
2010-03-05,1156.6
2010-03-08,1152.8
2010-03-09,1133.0
2010-03-10,1140.0
2010-03-11,1127.0
2010-03-12,1128.0
2010-03-15,1127.0
2010-03-16,1130.1
2010-03-17,1141.0
2010-03-18,1117.0
2010-03-19,1110.1
2010-03-22,1110.0
2010-03-23,1119.0
2010-03-25,1112.0
2010-03-26,1120.1
2010-03-29,1118.05
2010-03-30,1148.3
2010-03-31,1152.25
2010-04-01,1131.0
2010-04-05,1135.0
2010-04-06,1155.0
2010-04-07,1162.95
2010-04-08,1146.3
2010-04-09,1150.0
2010-04-12,1132.0
2010-04-13,1126.0
2010-04-15,1145.5
2010-04-16,1120.1
2010-04-19,1140.0
2010-04-20,1117.5
2010-04-21,1120.0
2010-04-22,1145.0
2010-04-23,1148.0
2010-04-26,1120.0
2010-04-27,1132.8
2010-04-28,1125.0
2010-04-29,1120.0
2010-04-30,1132.0
2010-05-03,1111.0
2010-05-04,1128.9
2010-05-05,1106.0
2010-05-06,1120.0
2010-05-07,1135.0
2010-05-10,1127.0
2010-05-11,1134.9
2010-05-12,1130.0
2010-05-13,1165.0
2010-05-14,1195.0
2010-05-17,1158.9
2010-05-18,1170.0
2010-05-19,1169.8
2010-05-20,1220.8
2010-05-21,1225.0
2010-05-24,1245.15
2010-05-25,1201.1
2010-05-26,1247.0
2010-05-27,1265.0
2010-05-28,1267.9
2010-05-31,1260.0
2010-06-01,1270.0
2010-06-02,1260.0
2010-06-03,1289.45
2010-06-04,1325.0
2010-06-07,1285.0
2010-06-08,1255.95
2010-06-09,1265.0
2010-06-10,1299.0
2010-06-11,1290.6
2010-06-14,1273.2
2010-06-15,1344.0
2010-06-16,1290.1
2010-06-17,1260.2
2010-06-18,1260.25
2010-06-21,1275.0
2010-06-22,1262.0
2010-06-23,1279.35
2010-06-24,1300.0
2010-06-25,1310.0
2010-06-28,1370.0
2010-06-29,1389.0
2010-06-30,1405.5
2010-07-01,1434.0
2010-07-02,1448.8
2010-07-05,1444.0
2010-07-06,1411.0
2010-07-07,1427.0
2010-07-08,1410.0
2010-07-09,1418.0
2010-07-12,1398.9
2010-07-13,1363.95
2010-07-14,1376.1
2010-07-15,1370.0
2010-07-16,1340.0
2010-07-19,1344.0
2010-07-20,1347.0
2010-07-21,1342.8
2010-07-22,1339.8
2010-07-23,1340.0
2010-07-26,1340.1
2010-07-27,1333.0
2010-07-28,1340.0
2010-07-29,1360.0
2010-07-30,1360.25
2010-08-02,1409.65
2010-08-03,1390.0
2010-08-04,1375.1
2010-08-05,1399.0
2010-08-06,1385.0
2010-08-09,1400.15
2010-08-10,1385.0
2010-08-11,1375.8
2010-08-12,1375.0
2010-08-13,1390.1
2010-08-16,1399.0
2010-08-17,1398.0
2010-08-18,1458.8
2010-08-19,1436.0
2010-08-20,1426.0
2010-08-23,1445.0
2010-08-24,1480.0
2010-08-25,1421.0
2010-08-26,1430.25
2010-08-27,1432.1
2010-08-30,1460.0
2010-08-31,1449.9
2010-09-01,1445.0
2010-09-02,1462.15
2010-09-03,1454.0
2010-09-06,1464.8
2010-09-07,1488.0
2010-09-08,1480.0
2010-09-09,1548.0
2010-09-13,1558.0
2010-09-14,1590.0
2010-09-15,1604.0
2010-09-16,1555.25
2010-09-17,1592.0
2010-09-20,1599.35
2010-09-21,1555.0
2010-09-22,1518.2
2010-09-23,1515.0
2010-09-24,1510.0
2010-09-27,1524.0
2010-09-28,1531.95
2010-09-29,1548.7
2010-09-30,1530.0
2010-10-01,1515.0
2010-10-04,1530.0
2010-10-05,1490.0
2010-10-06,1499.95
2010-10-07,1470.1
2010-10-08,1490.3
2010-10-11,1498.75
2010-10-12,1499.0
2010-10-13,1480.0
2010-10-14,1473.3
2010-10-15,1450.0
2010-10-18,1447.65
2010-10-19,1420.2
2010-10-20,1470.0
2010-10-21,1463.95
2010-10-22,1455.1
2010-10-25,1391.15
2010-10-26,1456.05
2010-10-27,1434.0
2010-10-28,1403.0
2010-10-29,1398.1
2010-11-01,1450.5
2010-11-02,1450.0
2010-11-03,1467.4
2010-11-04,1459.95
2010-11-05,1460.0
2010-11-08,1460.0
2010-11-09,1472.9
2010-11-10,1452.0
2010-11-11,1460.0
2010-11-12,1454.9
2010-11-15,1405.0
2010-11-16,1414.0
2010-11-18,1405.35
2010-11-19,1418.0
2010-11-22,1425.0
2010-11-23,1335.0
2010-11-24,1340.2
2010-11-25,1355.5
2010-11-26,1365.1
2010-11-29,1380.05
2010-11-30,1375.0
2010-12-01,1393.5
2010-12-02,1450.0
2010-12-03,1431.7
2010-12-06,1430.95
2010-12-07,1447.8
2010-12-08,1428.0
2010-12-09,1391.0
2010-12-10,1335.0
2010-12-13,1405.0
2010-12-14,1395.0
2010-12-15,1410.0
2010-12-16,1399.0
2010-12-20,1379.0
2010-12-21,1360.0
2010-12-22,1390.0
2010-12-23,1400.0
2010-12-24,1384.0
2010-12-27,1400.0
2010-12-28,1394.0
2010-12-29,1419.0
2010-12-30,1400.05
2010-12-31,1388.05
2011-01-03,1407.95
2011-01-04,1416.8
2011-01-05,1401.0
2011-01-06,1395.0
2011-01-07,1369.0
2011-01-10,1349.0
2011-01-11,1315.0
2011-01-12,1342.7
2011-01-13,1313.0
2011-01-14,1322.0
2011-01-17,1273.0
2011-01-18,1301.0
2011-01-19,1314.0
2011-01-20,1290.0
2011-01-21,1284.9
2011-01-24,1050.0
2011-01-25,1265.0
2011-01-27,1252.05
2011-01-28,1262.0
2011-01-31,1231.1
2011-02-01,1255.0
2011-02-02,1285.4
2011-02-03,1288.9
2011-02-04,1272.3
2011-02-07,1310.0
2011-02-08,1325.0
2011-02-09,1329.0
2011-02-10,1275.0
2011-02-11,1295.0
2011-02-14,1282.7
2011-02-15,1299.7
2011-02-16,1290.8
2011-02-17,1295.8
2011-02-18,1299.7
2011-02-21,1292.0
2011-02-22,1283.8
2011-02-23,1233.0
2011-02-24,1240.0
2011-02-25,1215.0
2011-02-28,1225.0
2011-03-01,1217.05
2011-03-03,1213.0
2011-03-04,1244.0
2011-03-07,1242.1
2011-03-08,1235.0
2011-03-09,1221.25
2011-03-10,1240.0
2011-03-11,1250.0
2011-03-14,1283.8
2011-03-15,1271.0
2011-03-16,1270.8
2011-03-17,1280.0
2011-03-18,1253.15
2011-03-21,1253.7
2011-03-22,1176.6
2011-03-23,1270.1
2011-03-24,1287.0
2011-03-25,1278.0
2011-03-28,1303.0
2011-03-29,1314.45
2011-03-30,1295.0
2011-03-31,1271.0
2011-04-01,1324.9
2011-04-04,1311.0
2011-04-05,1358.8
2011-04-06,1346.35
2011-04-07,1358.0
2011-04-08,1360.0
2011-04-11,1325.0
2011-04-13,1290.0
2011-04-15,1310.0
2011-04-18,1296.95
2011-04-19,1293.5
2011-04-20,1293.0
2011-04-21,1308.35
2011-04-25,1345.1
2011-04-26,1357.0
2011-04-27,1340.0
2011-04-28,1384.0
2011-04-29,1400.0
2011-05-02,1361.25
2011-05-03,1325.75
2011-05-04,1372.1
2011-05-05,1330.9
2011-05-06,1359.0
2011-05-09,1385.0
2011-05-10,1316.6
2011-05-11,1381.0
2011-05-12,1389.0
2011-05-13,1389.65
2011-05-16,1400.0
2011-05-17,1369.9
2011-05-18,1291.0
2011-05-19,1321.0
2011-05-20,1327.0
2011-05-23,1295.0
2011-05-24,1283.6
2011-05-25,1265.0
2011-05-26,1255.2
2011-05-27,1255.9
2011-05-30,1270.0
2011-05-31,1265.0
2011-06-01,1307.3
2011-06-02,1290.55
2011-06-03,1301.0
2011-06-06,1300.0
2011-06-07,1300.0
2011-06-08,1294.0
2011-06-09,1282.05
2011-06-10,1266.75
2011-06-13,1268.0
2011-06-14,1266.25
2011-06-15,1273.7
2011-06-16,1280.0
2011-06-17,1261.55
2011-06-20,1270.0
2011-06-21,1260.0
2011-06-22,1268.3
2011-06-23,1259.95
2011-06-24,1274.0
2011-06-27,1334.0
2011-06-28,1360.0
2011-06-29,1340.1
2011-06-30,1345.0
2011-07-01,1312.25
2011-07-04,1288.0
2011-07-05,1291.0
2011-07-06,1290.0
2011-07-07,1295.5
2011-07-08,1299.0
2011-07-11,1269.0
2011-07-12,1270.0
2011-07-13,1289.25
2011-07-14,1297.0
2011-07-15,1311.25
2011-07-18,1298.0
2011-07-19,1296.85
2011-07-20,1281.0
2011-07-21,1283.85
2011-07-22,1275.0
2011-07-25,1279.95
2011-07-26,1295.0
2011-07-27,1268.0
2011-07-28,1259.15
2011-07-29,1300.0
2011-08-01,1317.1
2011-08-02,1271.0
2011-08-03,1308.0
2011-08-04,1309.0
2011-08-05,1302.0
2011-08-08,1300.0
2011-08-09,1359.8
2011-08-10,1355.0
2011-08-11,1340.0
2011-08-12,1359.0
2011-08-16,1345.05
2011-08-17,1320.0
2011-08-18,1320.5
2011-08-19,1325.0
2011-08-22,1302.0
2011-08-23,1317.15
2011-08-24,1315.0
2011-08-25,1303.1
2011-08-26,1311.0
2011-08-29,1310.0
2011-08-30,1325.0
2011-09-02,1309.0
2011-09-05,1300.0
2011-09-06,1297.35
2011-09-07,1289.6
2011-09-08,1310.0
2011-09-09,1325.0
2011-09-12,1301.0
2011-09-13,1316.0
2011-09-14,1301.8
2011-09-15,1317.0
2011-09-16,1329.8
2011-09-19,1358.85
2011-09-20,1330.0
2011-09-21,1306.0
2011-09-22,1315.0
2011-09-23,1310.0
2011-09-26,1312.0
2011-09-27,1300.3
2011-09-28,1301.4
2011-09-29,1332.5
2011-09-30,1336.0
2011-10-03,1340.0
2011-10-04,1325.0
2011-10-05,1319.0
2011-10-07,1320.0
2011-10-10,1327.05
2011-10-11,1344.0
2011-10-12,1301.3
2011-10-13,1314.85
2011-10-14,1302.0
2011-10-17,1300.0
2011-10-18,1298.9
2011-10-19,1279.0
2011-10-20,1271.0
2011-10-21,1266.0
2011-10-24,1275.45
2011-10-25,1290.0
2011-10-26,1299.0
2011-10-28,1301.75
2011-10-31,1305.0
2011-11-01,1288.0
2011-11-02,1263.0
2011-11-03,1291.0
2011-11-04,1300.0
2011-11-08,1325.0
2011-11-09,1313.0
2011-11-11,1277.2
2011-11-14,1310.0
2011-11-15,1290.0
2011-11-16,1288.0
2011-11-17,1255.0
2011-11-18,1235.0
2011-11-21,1210.35
2011-11-22,1185.0
2011-11-23,1194.0
2011-11-24,1183.95
2011-11-25,1166.0
2011-11-28,1175.05
2011-11-29,1176.75
2011-11-30,1149.95
2011-12-01,1157.3
2011-12-02,1132.05
2011-12-05,1130.0
2011-12-07,1161.9
2011-12-08,1187.15
2011-12-09,1165.2
2011-12-12,1191.0
2011-12-13,1127.15
2011-12-14,1139.0
2011-12-15,1147.0
2011-12-16,1171.1
2011-12-19,1174.1
2011-12-20,1160.05
2011-12-21,1162.15
2011-12-22,1161.1
2011-12-23,1169.0
2011-12-26,1171.0
2011-12-27,1167.0
2011-12-28,1156.95
2011-12-29,1158.35
2011-12-30,1174.95
2012-01-02,1190.0
2012-01-03,1160.0
2012-01-04,1136.4
2012-01-05,1135.1
2012-01-06,1123.0
2012-01-07,1120.0
2012-01-09,1121.0
2012-01-10,1110.5
2012-01-11,1111.0
2012-01-12,1102.1
2012-01-13,1126.6
2012-01-16,1160.1
2012-01-17,1170.0
2012-01-18,1137.0
2012-01-19,1150.0
2012-01-20,1158.5
2012-01-23,1146.2
2012-01-24,1173.95
2012-01-25,1180.05
2012-01-27,1196.0
2012-01-30,1200.0
2012-01-31,1200.05
2012-02-01,1215.45
2012-02-02,1180.15
2012-02-03,1255.0
2012-02-06,1280.0
2012-02-07,1294.05
2012-02-08,1285.0
2012-02-09,1291.9
2012-02-10,1304.0
2012-02-13,1348.9
2012-02-14,1311.05
2012-02-15,1301.3
2012-02-16,1295.05
2012-02-17,1320.9
2012-02-21,1345.0
2012-02-22,1318.95
2012-02-23,1310.0
2012-02-24,1297.95
2012-02-27,1270.0
2012-02-28,1245.05
2012-02-29,1265.35
2012-03-01,1280.05
2012-03-02,1255.1
2012-03-03,1269.65
2012-03-05,1271.9
2012-03-06,1270.15
2012-03-07,1280.0
2012-03-09,1280.0
2012-03-12,1285.0
2012-03-13,1263.1
2012-03-14,1271.0
2012-03-15,1287.95
2012-03-16,1263.2
2012-03-19,1208.1
2012-03-20,1215.0
2012-03-21,1245.0
2012-03-22,1265.0
2012-03-23,1250.0
2012-03-26,1256.0
2012-03-27,1259.95
2012-03-28,1267.5
2012-03-29,484.05
2012-03-30,479.95
2012-04-02,503.0
2012-04-03,495.0
2012-04-04,493.1
2012-04-09,495.0
2012-04-10,485.0
2012-04-11,473.05
2012-04-12,463.0
2012-04-13,464.95
2012-04-16,464.95
2012-04-17,460.5
2012-04-18,466.0
2012-04-19,463.1
2012-04-20,467.0
2012-04-23,466.0
2012-04-24,465.05
2012-04-25,464.85
2012-04-26,455.3
2012-04-27,464.0
2012-04-28,456.0
2012-04-30,445.0
2012-05-02,465.95
2012-05-03,456.85
2012-05-04,454.85
2012-05-07,444.6
2012-05-08,448.0
2012-05-09,453.95
2012-05-10,449.1
2012-05-11,464.0
2012-05-14,464.0
2012-05-15,451.0
2012-05-16,441.9
2012-05-17,438.2
2012-05-18,444.05
2012-05-21,441.45
2012-05-22,441.5
2012-05-23,442.5
2012-05-24,464.0
2012-05-25,453.7
2012-05-28,457.0
2012-05-29,448.0
2012-05-30,457.0
2012-05-31,445.05
2012-06-01,436.55
2012-06-04,439.75
2012-06-05,453.25
2012-06-06,457.9
2012-06-07,460.75
2012-06-08,455.95
2012-06-11,456.85
2012-06-12,457.0
2012-06-13,457.55
2012-06-14,461.8
2012-06-15,464.35
2012-06-18,468.05
2012-06-19,456.3
2012-06-20,465.8
2012-06-21,470.0
2012-06-22,463.05
2012-06-25,491.1
2012-06-26,486.05
2012-06-27,496.05
2012-06-28,492.1
2012-06-29,500.0
2012-07-02,494.3
2012-07-03,496.5
2012-07-04,500.0
2012-07-05,498.05
2012-07-06,496.05
2012-07-09,491.95
2012-07-10,475.1
2012-07-11,473.35
2012-07-12,473.0
2012-07-13,480.0
2012-07-16,488.95
2012-07-17,482.05
2012-07-18,482.3
2012-07-19,491.0
2012-07-20,490.5
2012-07-23,495.95
2012-07-24,498.0
2012-07-25,499.6
2012-07-26,499.15
2012-07-27,495.65
2012-07-30,496.7
2012-07-31,495.25
2012-08-01,495.25
2012-08-02,492.4
2012-08-03,491.45
2012-08-06,494.0
2012-08-07,485.8
2012-08-08,479.95
2012-08-09,482.05
2012-08-10,475.1
2012-08-13,479.8
2012-08-14,482.05
2012-08-16,487.0
2012-08-17,478.8
2012-08-21,488.0
2012-08-22,477.05
2012-08-23,479.25
2012-08-24,481.95
2012-08-27,479.3
2012-08-28,485.0
2012-08-29,488.8
2012-08-30,490.9
2012-08-31,485.05
2012-09-03,493.0
2012-09-04,486.6
2012-09-05,486.0
2012-09-06,480.8
2012-09-07,495.05
2012-09-08,484.25
2012-09-10,495.0
2012-09-11,491.95
2012-09-12,487.35
2012-09-13,489.35
2012-09-14,504.0
2012-09-17,493.8
2012-09-18,481.05
2012-09-20,474.9
2012-09-21,487.9
2012-09-24,480.0
2012-09-25,477.0
2012-09-26,477.0
2012-09-27,475.25
2012-09-28,479.65
2012-10-01,494.0
2012-10-03,482.85
2012-10-04,480.0
2012-10-05,482.6
2012-10-08,489.95
2012-10-09,484.15
2012-10-10,485.15
2012-10-11,484.0
2012-10-12,490.0
2012-10-15,489.05
2012-10-16,488.35
2012-10-17,485.0
2012-10-18,481.75
2012-10-19,476.5
2012-10-22,488.6
2012-10-23,485.0
2012-10-25,492.95
2012-10-26,490.05
2012-10-29,486.1
2012-10-30,485.4
2012-10-31,484.8
2012-11-01,481.55
2012-11-02,480.2
2012-11-05,479.0
2012-11-06,477.0
2012-11-07,468.0
2012-11-08,462.1
2012-11-09,474.95
2012-11-12,474.0
2012-11-13,472.0
2012-11-15,472.0
2012-11-16,466.15
2012-11-19,463.95
2012-11-20,465.0
2012-11-21,460.15
2012-11-22,462.1
2012-11-23,456.0
2012-11-26,480.0
2012-11-27,459.7
2012-11-29,460.35
2012-11-30,455.0
2012-12-03,457.0
2012-12-04,456.15
2012-12-05,451.1
2012-12-06,452.15
2012-12-07,452.1
2012-12-10,455.0
2012-12-11,449.65
2012-12-12,445.05
2012-12-13,441.95
2012-12-14,435.15
2012-12-17,450.0
2012-12-18,447.25
2012-12-19,451.25
2012-12-20,457.85
2012-12-21,450.9
2012-12-24,451.25
2012-12-26,452.85
2012-12-27,451.9
2012-12-28,464.85
2012-12-31,463.1
2013-01-01,467.6
2013-01-02,469.3
2013-01-03,470.0
2013-01-04,471.65
2013-01-07,481.0
2013-01-08,488.9
2013-01-09,480.0
2013-01-10,478.0
2013-01-11,498.35
2013-01-14,487.4
2013-01-15,491.2
2013-01-16,494.0
2013-01-17,494.6
2013-01-18,517.0
2013-01-21,529.0
2013-01-22,564.45
2013-01-23,559.45
2013-01-24,549.85
2013-01-25,526.7
2013-01-28,533.65
2013-01-29,537.7
2013-01-30,540.05
2013-01-31,525.0
2013-02-01,521.2
2013-02-04,532.0
2013-02-05,534.0
2013-02-06,533.2
2013-02-07,531.85
2013-02-08,535.0
2013-02-11,537.9
2013-02-12,539.5
2013-02-13,538.95
2013-02-14,542.15
2013-02-15,548.0
2013-02-18,552.9
2013-02-19,546.05
2013-02-20,550.4
2013-02-21,549.0
2013-02-22,541.6
2013-02-25,539.0
2013-02-26,530.5
2013-02-27,530.95
2013-02-28,535.65
2013-03-01,534.7
2013-03-04,522.0
2013-03-05,530.05
2013-03-06,547.0
2013-03-07,555.0
2013-03-08,540.85
2013-03-11,554.6
2013-03-12,553.7
2013-03-13,554.3
2013-03-14,548.3
2013-03-15,551.15
2013-03-18,540.7
2013-03-19,544.6
2013-03-20,520.0
2013-03-21,499.05
2013-03-22,505.0
2013-03-25,496.0
2013-03-26,506.65
2013-03-28,506.85
2013-04-01,512.0
2013-04-02,509.85
2013-04-03,516.4
2013-04-04,508.05
2013-04-05,520.0
2013-04-08,539.35
2013-04-09,534.8
2013-04-10,540.0
2013-04-11,525.0
2013-04-12,527.5
2013-04-15,528.0
2013-04-16,536.0
2013-04-17,556.9
2013-04-18,557.0
2013-04-22,560.0
2013-04-23,557.8
2013-04-25,555.0
2013-04-26,559.0
2013-04-29,550.0
2013-04-30,547.0
2013-05-02,553.0
2013-05-03,556.0
2013-05-06,550.45
2013-05-07,555.8
2013-05-08,549.95
2013-05-09,547.0
2013-05-10,549.0
2013-05-11,553.55
2013-05-13,555.15
2013-05-14,548.35
2013-05-15,561.0
2013-05-16,602.6
2013-05-17,595.4
2013-05-20,587.0
2013-05-21,598.0
2013-05-22,597.0
2013-05-23,589.4
2013-05-24,589.95
2013-05-27,589.95
2013-05-28,593.95
2013-05-29,608.0
2013-05-30,605.0
2013-05-31,594.3
2013-06-03,584.0
2013-06-04,570.0
2013-06-05,588.95
2013-06-06,574.0
2013-06-07,572.05
2013-06-10,573.3
2013-06-11,567.65
2013-06-12,554.0
2013-06-13,555.0
2013-06-14,534.1
2013-06-17,572.6
2013-06-18,575.9
2013-06-19,573.75
2013-06-20,575.0
2013-06-21,573.0
2013-06-24,567.05
2013-06-25,558.0
2013-06-26,550.0
2013-06-27,573.0
2013-06-28,616.0
2013-07-01,576.75
2013-07-02,581.95
2013-07-03,562.1
2013-07-04,562.9
2013-07-05,568.25
2013-07-08,567.85
2013-07-09,564.75
2013-07-10,533.1
2013-07-11,538.1
2013-07-12,531.0
2013-07-15,541.0
2013-07-16,540.0
2013-07-17,550.05
2013-07-18,553.95
2013-07-19,555.0
2013-07-22,546.0
2013-07-23,534.0
2013-07-24,532.0
2013-07-25,534.25
2013-07-26,536.5
2013-07-29,533.85
2013-07-30,530.0
2013-07-31,502.15
2013-08-01,517.0
2013-08-02,495.0
2013-08-05,489.9
2013-08-06,468.1
2013-08-07,442.0
2013-08-08,448.05
2013-08-12,460.0
2013-08-13,479.2
2013-08-14,474.9
2013-08-16,489.0
2013-08-19,471.0
2013-08-20,454.5
2013-08-21,437.25
2013-08-22,435.0
2013-08-23,441.1
2013-08-26,454.95
2013-08-27,450.5
2013-08-28,442.0
2013-08-29,424.45
2013-08-30,417.5
2013-09-02,435.95
2013-09-03,439.9
2013-09-04,435.0
2013-09-05,430.0
2013-09-06,437.0
2013-09-10,450.0
2013-09-11,462.0
2013-09-12,458.05
2013-09-13,452.5
2013-09-16,483.7
2013-09-17,467.0
2013-09-18,471.2
2013-09-19,485.0
2013-09-20,493.0
2013-09-23,466.75
2013-09-24,481.9
2013-09-25,467.9
2013-09-26,471.0
2013-09-27,456.7
2013-09-30,449.7
2013-10-01,437.15
2013-10-03,448.0
2013-10-04,456.95
2013-10-07,464.9
2013-10-08,467.0
2013-10-09,462.0
2013-10-10,465.1
2013-10-11,465.0
2013-10-14,464.65
2013-10-15,464.0
2013-10-17,460.5
2013-10-18,457.0
2013-10-21,465.0
2013-10-22,468.85
2013-10-23,463.05
2013-10-24,458.0
2013-10-25,458.0
2013-10-28,455.0
2013-10-29,457.0
2013-10-30,460.2
2013-10-31,463.0
2013-11-01,470.1
2013-11-03,479.0
2013-11-05,475.05
2013-11-06,469.35
2013-11-07,466.0
2013-11-08,465.0
2013-11-11,457.1
2013-11-12,457.0
2013-11-13,462.55
2013-11-14,460.3
2013-11-18,463.0
2013-11-19,461.0
2013-11-20,458.0
2013-11-21,452.25
2013-11-22,452.0
2013-11-25,452.2
2013-11-26,458.0
2013-11-27,461.2
2013-11-28,479.6
2013-11-29,480.0
2013-12-02,480.0
2013-12-03,468.75
2013-12-04,473.0
2013-12-05,473.3
2013-12-06,461.9
2013-12-09,466.25
2013-12-10,472.0
2013-12-11,469.1
2013-12-12,462.0
2013-12-13,462.0
2013-12-16,457.0
2013-12-17,454.6
2013-12-18,457.0
2013-12-19,464.0
2013-12-20,466.0
2013-12-23,470.0
2013-12-24,477.0
2013-12-26,473.0
2013-12-27,478.95
2013-12-30,486.1
2013-12-31,484.05
2014-01-01,484.35
2014-01-02,483.05
2014-01-03,465.0
2014-01-06,471.95
2014-01-07,477.95
2014-01-08,468.4
2014-01-09,465.0
2014-01-10,465.0
2014-01-13,469.0
2014-01-14,480.8
2014-01-15,486.8
2014-01-16,479.95
2014-01-17,473.05
2014-01-20,466.25
2014-01-21,476.0
2014-01-22,477.55
2014-01-23,479.65
2014-01-24,482.5
2014-01-27,470.0
2014-01-28,455.5
2014-01-29,456.0
2014-01-30,461.0
2014-01-31,461.0
2014-02-03,463.0
2014-02-04,455.0
2014-02-05,446.0
2014-02-06,438.0
2014-02-07,445.8
2014-02-10,448.7
2014-02-11,449.15
2014-02-12,458.95
2014-02-13,462.85
2014-02-14,462.5
2014-02-17,459.45
2014-02-18,448.05
2014-02-19,450.0
2014-02-20,454.95
2014-02-21,447.9
2014-02-24,443.0
2014-02-25,445.1
2014-02-26,446.2
2014-02-28,440.0
2014-03-03,453.5
2014-03-04,453.0
2014-03-05,457.0
2014-03-06,468.2
2014-03-07,474.05
2014-03-10,486.5
2014-03-11,482.25
2014-03-12,473.1
2014-03-13,469.8
2014-03-14,480.05
2014-03-18,480.1
2014-03-19,490.5
2014-03-20,481.55
2014-03-21,480.0
2014-03-22,482.6
2014-03-24,485.95
2014-03-25,476.0
2014-03-26,463.25
2014-03-27,483.0
2014-03-28,476.3
2014-03-31,479.95
2014-04-01,484.4
2014-04-02,494.75
2014-04-03,492.0
2014-04-04,490.0
2014-04-07,483.15
2014-04-09,485.05
2014-04-10,485.35
2014-04-11,481.25
2014-04-15,482.3
2014-04-16,479.1
2014-04-17,477.0
2014-04-21,481.9
2014-04-22,484.0
2014-04-23,496.9
2014-04-25,492.0
2014-04-28,494.75
2014-04-29,495.0
2014-04-30,485.5
2014-05-02,475.15
2014-05-05,479.0
2014-05-06,481.3
2014-05-07,485.2
2014-05-08,491.95
2014-05-09,489.9
2014-05-12,495.1
2014-05-13,514.5
2014-05-14,532.0
2014-05-15,550.0
2014-05-16,555.0
2014-05-19,570.0
2014-05-20,611.65
2014-05-21,598.0
2014-05-22,616.0
2014-05-23,629.0
2014-05-26,606.5
2014-05-27,607.5
2014-05-28,564.9
2014-05-29,567.8
2014-05-30,556.3
2014-06-02,574.9
2014-06-03,574.2
2014-06-04,570.05
2014-06-05,560.2
2014-06-06,579.0
2014-06-09,610.2
2014-06-10,611.0
2014-06-11,595.0
2014-06-12,594.0
2014-06-13,605.25
2014-06-16,585.1
2014-06-17,597.35
2014-06-18,610.0
2014-06-19,597.0
2014-06-20,572.6
2014-06-23,568.25
2014-06-24,592.0
2014-06-25,600.0
2014-06-26,568.6
2014-06-27,570.05
2014-06-30,575.6
2014-07-01,592.5
2014-07-02,593.0
2014-07-03,594.5
2014-07-04,589.0
2014-07-07,588.95
2014-07-08,585.0
2014-07-09,573.5
2014-07-10,570.2
2014-07-11,582.0
2014-07-14,574.7
2014-07-15,573.05
2014-07-16,588.5
2014-07-17,579.8
2014-07-18,577.95
2014-07-21,575.05
2014-07-22,579.4
2014-07-23,582.3
2014-07-24,584.95
2014-07-25,581.0
2014-07-28,577.0
2014-07-30,579.55
2014-07-31,566.7
2014-08-01,560.0
2014-08-04,565.0
2014-08-05,569.0
2014-08-06,570.0
2014-08-07,575.25
2014-08-08,575.0
2014-08-11,568.0
2014-08-12,569.0
2014-08-13,575.9
2014-08-14,578.7
2014-08-18,584.75
2014-08-19,600.0
2014-08-20,603.8
2014-08-21,602.6
2014-08-22,608.0
2014-08-25,604.8
2014-08-26,593.8
2014-08-27,600.0
2014-08-28,611.0
2014-09-01,616.95
2014-09-02,620.35
2014-09-03,621.0
2014-09-04,625.0
2014-09-05,631.0
2014-09-08,650.0
2014-09-09,669.95
2014-09-10,661.0
2014-09-11,641.9
2014-09-12,643.95
2014-09-15,639.1
2014-09-16,646.7
2014-09-17,633.0
2014-09-18,644.85
2014-09-19,627.3
2014-09-22,611.0
2014-09-23,618.8
2014-09-24,605.9
2014-09-25,607.1
2014-09-26,600.35
2014-09-29,615.7
2014-09-30,602.05
2014-10-01,603.1
2014-10-07,594.0
2014-10-08,590.0
2014-10-09,602.0
2014-10-10,612.0
2014-10-13,600.15
2014-10-14,597.05
2014-10-16,583.35
2014-10-17,570.0
2014-10-20,603.25
2014-10-21,589.7
2014-10-22,593.0
2014-10-23,589.4
2014-10-27,595.0
2014-10-28,595.15
2014-10-29,601.0
2014-10-30,613.0
2014-10-31,618.0
2014-11-03,632.0
2014-11-05,631.4
2014-11-07,620.0
2014-11-10,607.0
2014-11-11,608.7
2014-11-12,610.0
2014-11-13,594.1
2014-11-14,583.0
2014-11-17,592.0
2014-11-18,595.95
2014-11-19,588.0
2014-11-20,581.8
2014-11-21,579.65
2014-11-24,590.05
2014-11-25,595.0
2014-11-26,600.0
2014-11-27,616.8
2014-11-28,610.0
2014-12-01,591.0
2014-12-02,576.0
2014-12-03,580.0
2014-12-04,587.2
2014-12-05,591.95
2014-12-08,575.35
2014-12-09,575.0
2014-12-10,571.35
2014-12-11,569.45
2014-12-12,566.15
2014-12-15,544.9
2014-12-16,530.0
2014-12-17,539.95
2014-12-18,550.0
2014-12-19,565.0
2014-12-22,562.65
2014-12-23,567.75
2014-12-24,569.95
2014-12-26,570.65
2014-12-29,566.0
2014-12-30,569.0
2014-12-31,565.0
2015-01-01,572.25
2015-01-02,580.0
2015-01-05,575.0
2015-01-06,559.85
2015-01-07,536.0
2015-01-08,535.0
2015-01-09,552.0
2015-01-12,568.0
2015-01-13,545.6
2015-01-14,540.85
2015-01-15,537.0
2015-01-16,530.5
2015-01-19,526.0
2015-01-20,538.0
2015-01-21,535.25
2015-01-22,535.25
2015-01-23,548.0
2015-01-27,553.2
2015-01-28,546.0
2015-01-29,561.0
2015-01-30,554.0
2015-02-02,536.2
2015-02-03,539.8
2015-02-04,541.0
2015-02-05,548.85
2015-02-06,536.5
2015-02-09,545.0
2015-02-10,540.0
2015-02-11,532.0
2015-02-12,534.65
2015-02-13,521.0
2015-02-16,505.0
2015-02-18,501.8
2015-02-19,503.3
2015-02-20,499.0
2015-02-23,500.0
2015-02-24,489.0
2015-02-25,472.5
2015-02-26,480.9
2015-02-27,475.9
2015-02-28,505.8
2015-03-02,500.1
2015-03-03,504.0
2015-03-04,491.55
2015-03-05,493.0
2015-03-09,494.0
2015-03-10,490.0
2015-03-11,495.0
2015-03-12,486.1
2015-03-13,488.0
2015-03-16,486.85
2015-03-17,479.8
2015-03-18,482.0
2015-03-19,480.0
2015-03-20,484.0
2015-03-23,483.0
2015-03-24,478.7
2015-03-25,476.7
2015-03-26,470.0
2015-03-27,469.95
2015-03-30,460.0
2015-03-31,459.8
2015-04-01,454.0
2015-04-06,459.4
2015-04-07,461.0
2015-04-08,459.1
2015-04-09,454.9
2015-04-10,456.65
2015-04-13,470.0
2015-04-15,483.9
2015-04-16,499.9
2015-04-17,515.0
2015-04-20,518.9
2015-04-21,498.0
2015-04-22,490.0
2015-04-23,469.9
2015-04-24,475.9
2015-04-27,470.05
2015-04-28,466.2
2015-04-29,468.0
2015-04-30,466.0
2015-05-04,460.5
2015-05-05,487.0
2015-05-06,490.25
2015-05-07,470.0
2015-05-08,468.9
2015-05-11,473.7
2015-05-12,489.9
2015-05-13,486.0
2015-05-14,479.0
2015-05-15,490.1
2015-05-18,498.95
2015-05-19,500.0
2015-05-20,500.0
2015-05-21,491.95
2015-05-22,490.0
2015-05-25,478.8
2015-05-26,480.9
2015-05-27,474.95
2015-05-28,474.7
2015-05-29,478.4
2015-06-01,470.0
2015-06-02,485.8
2015-06-03,474.05
2015-06-04,475.0
2015-06-05,474.0
2015-06-08,471.9
2015-06-09,468.05
2015-06-10,466.0
2015-06-11,472.0
2015-06-12,467.0
2015-06-15,466.0
2015-06-16,467.0
2015-06-17,468.5
2015-06-18,461.25
2015-06-19,466.5
2015-06-22,472.6
2015-06-23,470.85
2015-06-24,474.2
2015-06-25,472.95
2015-06-26,469.5
2015-06-29,458.2
2015-06-30,448.0
2015-07-01,448.55
2015-07-02,451.9
2015-07-03,457.0
2015-07-06,450.0
2015-07-07,450.0
2015-07-08,445.8
2015-07-09,430.25
2015-07-10,425.2
2015-07-13,440.0
2015-07-14,437.5
2015-07-15,440.8
2015-07-16,444.0
2015-07-17,446.45
2015-07-20,442.95
2015-07-21,439.95
2015-07-22,435.5
2015-07-23,437.0
2015-07-24,442.9
2015-07-27,446.0
2015-07-28,435.0
2015-07-29,432.0
2015-07-30,427.95
2015-07-31,425.0
2015-08-03,430.0
2015-08-04,440.05
2015-08-05,440.5
2015-08-06,450.9
2015-08-07,453.15
2015-08-10,456.0
2015-08-11,457.0
2015-08-12,452.85
2015-08-13,449.4
2015-08-14,452.0
2015-08-17,457.75
2015-08-18,465.0
2015-08-19,461.0
2015-08-20,462.0
2015-08-21,451.55
2015-08-24,441.0
2015-08-25,435.0
2015-08-26,434.95
2015-08-27,457.9
2015-08-28,464.9
2015-08-31,469.0
2015-09-01,451.75
2015-09-02,450.1
2015-09-03,455.85
2015-09-04,459.0
2015-09-07,441.95
2015-09-08,433.15
2015-09-09,439.9
2015-09-10,436.95
2015-09-11,447.9
2015-09-14,447.9
2015-09-15,447.0
2015-09-16,438.5
2015-09-18,439.0
2015-09-21,433.1
2015-09-22,440.5
2015-09-23,432.0
2015-09-24,430.0
2015-09-28,432.0
2015-09-29,421.9
2015-09-30,429.95
2015-10-01,425.5
2015-10-05,432.3
2015-10-06,440.7
2015-10-07,448.7
2015-10-08,460.0
2015-10-09,466.2
2015-10-12,454.55
2015-10-13,446.2
2015-10-14,448.95
2015-10-15,442.8
2015-10-16,443.0
2015-10-19,445.5
2015-10-20,442.0
2015-10-21,438.0
2015-10-23,435.0
2015-10-26,432.3
2015-10-27,419.05
2015-10-28,409.0
2015-10-29,405.0
2015-10-30,403.0
2015-11-02,404.5
2015-11-03,404.95
2015-11-04,406.0
2015-11-05,403.25
2015-11-06,403.5
2015-11-09,396.55
2015-11-10,399.8
2015-11-11,391.0
2015-11-13,388.5
2015-11-16,369.15
2015-11-17,362.9
2015-11-18,363.2
2015-11-19,368.0
2015-11-20,361.05
2015-11-23,363.0
2015-11-24,371.7
2015-11-26,373.4
2015-11-27,381.5
2015-11-30,379.6
2015-12-01,379.9
2015-12-02,388.3
2015-12-03,382.0
2015-12-04,380.2
2015-12-07,391.65
2015-12-08,382.1
2015-12-09,374.2
2015-12-10,375.0
2015-12-11,369.0
2015-12-14,368.2
2015-12-15,369.9
2015-12-16,367.0
2015-12-17,376.2
2015-12-18,375.5
2015-12-21,372.65
2015-12-22,375.15
2015-12-23,374.1
2015-12-24,377.0
2015-12-28,388.3
2015-12-29,403.0
2015-12-30,392.05
2015-12-31,393.0
2016-01-01,390.1
2016-01-04,388.0
2016-01-05,400.0
2016-01-06,402.0
2016-01-07,397.9
2016-01-08,389.0
2016-01-11,385.0
2016-01-12,374.9
2016-01-13,375.1
2016-01-14,355.0
2016-01-15,359.9
2016-01-18,353.9
2016-01-19,344.8
2016-01-20,335.6
2016-01-21,339.85
2016-01-22,337.0
2016-01-25,349.95
2016-01-27,341.8
2016-01-28,349.0
2016-01-29,351.0
2016-02-01,352.55
2016-02-02,353.0
2016-02-03,341.1
2016-02-04,344.0
2016-02-05,344.75
2016-02-08,343.0
2016-02-09,330.0
2016-02-10,334.0
2016-02-11,330.0
2016-02-12,327.5
2016-02-15,325.0
2016-02-16,325.0
2016-02-17,318.2
2016-02-18,318.2
2016-02-19,322.6
2016-02-22,320.05
2016-02-23,324.45
2016-02-24,316.0
2016-02-25,321.75
2016-02-26,319.9
2016-02-29,319.0
2016-03-01,309.0
2016-03-02,302.95
2016-03-03,307.7
2016-03-04,310.8
2016-03-08,312.0
2016-03-09,309.0
2016-03-10,313.0
2016-03-11,312.0
2016-03-14,311.9
2016-03-15,309.35
2016-03-16,308.45
2016-03-17,307.0
2016-03-18,307.9
2016-03-21,313.5
2016-03-22,317.05
2016-03-23,317.05
2016-03-28,317.9
2016-03-29,314.9
2016-03-30,312.65
2016-03-31,315.1
2016-04-01,314.4
2016-04-04,320.95
2016-04-05,312.5
2016-04-06,313.5
2016-04-07,321.0
2016-04-08,317.0
2016-04-11,319.0
2016-04-12,318.75
2016-04-13,321.0
2016-04-18,317.7
2016-04-20,315.0
2016-04-21,317.95
2016-04-22,317.7
2016-04-25,319.1
2016-04-26,316.0
2016-04-27,318.9
2016-04-28,328.55
2016-04-29,330.0
2016-05-02,332.5
2016-05-03,335.0
2016-05-04,335.1
2016-05-05,328.0
2016-05-06,320.9
2016-05-09,329.1
2016-05-10,332.0
2016-05-11,325.0
2016-05-12,332.0
2016-05-13,325.4
2016-05-16,329.5
2016-05-17,331.25
2016-05-18,341.9
2016-05-19,345.45
2016-05-20,341.6
2016-05-23,339.15
2016-05-24,341.8
2016-05-25,342.3
2016-05-26,345.0
2016-05-27,348.25
2016-05-30,351.9
2016-05-31,350.0
2016-06-01,350.0
2016-06-02,348.0
2016-06-03,352.15
2016-06-06,351.15
2016-06-07,350.15
2016-06-08,352.5
2016-06-09,352.15
2016-06-10,359.8
2016-06-13,353.6
2016-06-14,349.0
2016-06-15,351.0
2016-06-16,350.0
2016-06-17,351.6
2016-06-20,350.0
2016-06-21,351.6
2016-06-22,354.15
2016-06-23,357.9
2016-06-24,352.25
2016-06-27,349.0
2016-06-28,350.8
2016-06-29,349.7
2016-06-30,352.7
2016-07-01,352.5
2016-07-04,370.0
2016-07-05,372.5
2016-07-07,373.05
2016-07-08,368.0
2016-07-11,363.0
2016-07-12,364.85
2016-07-13,371.8
2016-07-14,368.55
2016-07-15,370.0
2016-07-18,369.2
2016-07-19,362.0
2016-07-20,369.0
2016-07-21,374.5
2016-07-22,376.35
2016-07-25,375.4
2016-07-26,375.0
2016-07-27,374.0
2016-07-28,372.85
2016-07-29,370.2
2016-08-01,369.0
2016-08-02,367.65
2016-08-03,372.95
2016-08-04,367.5
2016-08-05,370.25
2016-08-08,376.1
2016-08-09,379.4
2016-08-10,373.0
2016-08-11,363.95
2016-08-12,367.8
2016-08-16,369.95
2016-08-17,371.0
2016-08-18,370.0
2016-08-19,375.05
2016-08-22,375.0
2016-08-23,373.45
2016-08-24,372.0
2016-08-25,387.9
2016-08-26,385.45
2016-08-29,384.95
2016-08-30,385.2
2016-08-31,385.0
2016-09-01,381.65
2016-09-02,383.7
2016-09-06,391.8
2016-09-07,392.5
2016-09-08,397.0
2016-09-09,397.0
2016-09-12,397.0
2016-09-14,393.1
2016-09-15,391.0
2016-09-16,392.0
2016-09-19,403.95
2016-09-20,401.6
2016-09-21,404.85
2016-09-22,406.3
2016-09-23,406.9
2016-09-26,404.0
2016-09-27,405.0
2016-09-28,407.3
2016-09-29,406.0
2016-09-30,397.05
2016-10-03,403.1
2016-10-04,415.4
2016-10-05,415.05
2016-10-06,414.0
2016-10-07,412.0
2016-10-10,419.0
2016-10-13,412.0
2016-10-14,416.9
2016-10-17,418.45
2016-10-18,414.85
2016-10-19,410.25
2016-10-20,414.4
2016-10-21,414.65
2016-10-24,412.8
2016-10-25,417.0
2016-10-26,414.1
2016-10-27,410.05
2016-10-28,411.9
2016-10-30,418.8
2016-11-01,417.0
2016-11-02,415.0
2016-11-03,409.2
2016-11-04,410.0
2016-11-07,403.0
2016-11-08,407.9
2016-11-09,399.9
2016-11-10,408.95
2016-11-11,409.5
2016-11-15,405.1
2016-11-16,412.0
2016-11-17,408.5
2016-11-18,410.3
2016-11-21,419.8
2016-11-22,420.0
2016-11-23,430.1
2016-11-24,440.55
2016-11-25,440.5
2016-11-28,436.5
2016-11-29,424.75
2016-11-30,418.0
2016-12-01,426.5
2016-12-02,428.15
2016-12-05,427.5
2016-12-06,438.25
2016-12-07,437.0
2016-12-08,436.0
2016-12-09,445.0
2016-12-12,449.5
2016-12-13,445.0
2016-12-14,443.9
2016-12-15,442.1
2016-12-16,440.0
2016-12-19,440.1
2016-12-20,442.05
2016-12-21,440.0
2016-12-22,439.0
2016-12-23,439.3
2016-12-26,437.7
2016-12-27,428.75
2016-12-28,436.65
2016-12-29,437.6
2016-12-30,443.75
2017-01-02,452.7
2017-01-03,455.85
2017-01-04,462.05
2017-01-05,456.95
2017-01-06,471.9
2017-01-09,480.0
2017-01-10,480.0
2017-01-11,484.0
2017-01-12,346.15
2017-01-13,350.0
2017-01-16,345.7
2017-01-17,343.6
2017-01-18,341.0
2017-01-19,337.7
2017-01-20,334.9
2017-01-23,329.05
2017-01-24,339.95
2017-01-25,337.8
2017-01-27,338.35
2017-01-30,339.0
2017-01-31,337.1
2017-02-01,332.0
2017-02-02,332.25
2017-02-03,343.9
2017-02-06,348.0
2017-02-07,349.8
2017-02-08,334.35
2017-02-09,338.0
2017-02-10,347.2
2017-02-13,334.0
2017-02-14,335.5
2017-02-15,336.2
2017-02-16,336.4
2017-02-17,337.15
2017-02-20,334.5
2017-02-21,326.0
2017-02-22,330.85
2017-02-23,326.7
2017-02-27,326.35
2017-02-28,329.85
2017-03-01,330.6
2017-03-02,335.7
2017-03-03,331.0
2017-03-06,334.35
2017-03-07,340.0
2017-03-08,335.05
2017-03-09,327.05
2017-03-10,325.0
2017-03-14,337.2
2017-03-15,334.1
2017-03-16,336.8
2017-03-17,338.0
2017-03-20,336.0
2017-03-21,332.6
2017-03-22,330.05
2017-03-23,329.9
2017-03-24,331.7
2017-03-27,331.7
2017-03-28,332.2
2017-03-29,331.8
2017-03-30,331.95
2017-03-31,329.95
2017-04-03,333.4
2017-04-05,330.8
2017-04-06,332.2
2017-04-07,334.0
2017-04-10,334.3
2017-04-11,340.5
2017-04-12,337.75
2017-04-13,334.1
2017-04-17,334.75
2017-04-18,334.45
2017-04-19,331.1
2017-04-20,332.7
2017-04-21,324.8
2017-04-24,323.0
2017-04-25,324.0
2017-04-26,328.2
2017-04-27,327.95
2017-04-28,323.8
2017-05-02,328.0
2017-05-03,332.5
2017-05-04,331.0
2017-05-05,331.0
2017-05-08,322.6
2017-05-09,325.0
2017-05-10,324.05
2017-05-11,324.9
2017-05-12,316.0
2017-05-15,320.0
2017-05-16,323.1
2017-05-17,322.8
2017-05-18,319.3
2017-05-19,320.0
2017-05-22,318.5
2017-05-23,316.5
2017-05-24,311.15
2017-05-25,305.5
2017-05-26,307.8
2017-05-29,311.85
2017-05-30,305.0
2017-05-31,315.0
2017-06-01,307.9
2017-06-02,304.9
2017-06-05,302.0
2017-06-06,303.3
2017-06-07,302.7
2017-06-08,298.75
2017-06-09,292.0
2017-06-12,289.9
2017-06-13,288.45
2017-06-14,293.1
2017-06-15,295.65
2017-06-16,301.0
2017-06-19,295.3
2017-06-20,292.85
2017-06-21,294.0
2017-06-22,286.75
2017-06-23,282.95
2017-06-27,276.5
2017-06-28,270.0
2017-06-29,266.5
2017-06-30,266.9
2017-07-03,260.0
2017-07-04,262.0
2017-07-05,263.85
2017-07-06,268.25
2017-07-07,264.0
2017-07-10,265.0
2017-07-11,265.95
2017-07-12,264.1
2017-07-13,267.6
2017-07-14,266.7
2017-07-17,271.9
2017-07-18,277.8
2017-07-19,278.8
2017-07-20,285.0
2017-07-21,286.3
2017-07-24,282.0
2017-07-25,281.35
2017-07-26,280.15
2017-07-27,282.0
2017-07-28,278.05
2017-07-31,281.75
2017-08-01,290.95
2017-08-02,286.0
2017-08-03,282.25
2017-08-04,286.7
2017-08-07,285.6
2017-08-08,287.0
2017-08-09,280.4
2017-08-10,282.1
2017-08-11,278.1
2017-08-14,281.0
2017-08-16,280.0
2017-08-17,287.9
2017-08-18,282.0
2017-08-21,286.95
2017-08-22,270.5
2017-08-23,275.3
2017-08-24,279.9
2017-08-28,283.9
2017-08-29,286.1
2017-08-30,289.05
2017-08-31,293.9
2017-09-01,287.95
2017-09-04,297.8
2017-09-05,309.0
2017-09-06,307.0
2017-09-07,311.9
2017-09-08,307.5
2017-09-11,312.2
2017-09-12,334.0
2017-09-13,330.5
2017-09-14,320.9
2017-09-15,322.05
2017-09-18,325.0
2017-09-19,325.05
2017-09-20,330.0
2017-09-21,328.0
2017-09-22,327.9
2017-09-25,325.3
2017-09-26,334.0
2017-09-27,349.7
2017-09-28,349.9
2017-09-29,345.95
2017-10-03,353.0
2017-10-04,356.0
2017-10-05,350.9
2017-10-06,348.9
2017-10-09,348.5
2017-10-10,345.8
2017-10-11,355.8
2017-10-12,346.1
2017-10-13,347.9
2017-10-16,353.4
2017-10-17,348.2
2017-10-18,345.1
2017-10-19,343.4
2017-10-23,343.0
2017-10-24,339.7
2017-10-25,347.0
2017-10-26,338.25
2017-10-27,353.4
2017-10-30,352.55
2017-10-31,377.0
2017-11-01,374.9
2017-11-02,369.25
2017-11-03,361.0
2017-11-06,363.0
2017-11-07,376.0
2017-11-08,372.6
2017-11-09,365.9
2017-11-10,363.8
2017-11-13,365.0
2017-11-14,356.1
2017-11-15,352.5
2017-11-16,352.5
2017-11-17,353.95
2017-11-20,347.1
2017-11-21,353.0
2017-11-22,355.6
2017-11-23,365.0
2017-11-24,365.0
2017-11-27,371.7
2017-11-28,368.05
2017-11-29,375.0
2017-11-30,366.25
2017-12-01,361.6
2017-12-04,360.55
2017-12-05,361.0
2017-12-06,354.0
2017-12-07,350.85
2017-12-08,352.9
2017-12-11,362.0
2017-12-12,361.0
2017-12-13,354.6
2017-12-14,360.0
2017-12-15,358.0
2017-12-18,354.2
2017-12-19,352.05
2017-12-20,355.25
2017-12-21,355.2
2017-12-22,360.0
2017-12-26,360.0
2017-12-27,361.0
2017-12-28,361.5
2017-12-29,375.5
2018-01-01,374.0
2018-01-02,374.85
2018-01-03,376.0
2018-01-04,381.1
2018-01-05,382.0
2018-01-08,378.65
2018-01-09,380.8
2018-01-10,377.55
2018-01-11,384.7
2018-01-12,384.4
2018-01-15,384.85
2018-01-16,379.9
2018-01-17,376.2
2018-01-18,385.0
2018-01-19,375.0
2018-01-22,377.45
2018-01-23,373.0
2018-01-24,375.0
2018-01-25,380.0
2018-01-29,381.7
2018-01-30,365.6
2018-01-31,359.45
2018-02-01,359.9
2018-02-02,355.2
2018-02-05,340.0
2018-02-06,330.9
2018-02-07,351.0
2018-02-08,361.9
2018-02-09,360.0
2018-02-12,363.0
2018-02-14,361.0
2018-02-15,360.9
2018-02-16,363.95
2018-02-19,364.0
2018-02-20,360.2
2018-02-21,347.0
2018-02-22,342.8
2018-02-23,341.5
2018-02-26,348.65
2018-02-27,351.0
2018-02-28,347.0
2018-03-01,349.45
2018-03-05,347.0
2018-03-06,350.35
2018-03-07,344.15
2018-03-08,336.2
2018-03-09,326.9
2018-03-12,326.9
2018-03-13,326.5
2018-03-14,327.0
2018-03-15,345.0
2018-03-16,335.15
2018-03-19,337.4
2018-03-20,338.1
2018-03-21,330.0
2018-03-22,334.0
2018-03-23,339.35
2018-03-26,353.0
2018-03-27,215.0
2018-03-28,215.1
2018-04-02,220.5
2018-04-03,225.0
2018-04-04,223.9
2018-04-05,216.5
2018-04-06,216.55
2018-04-09,218.0
2018-04-10,217.4
2018-04-11,219.05
2018-04-12,221.65
2018-04-13,218.0
2018-04-16,216.7
2018-04-17,217.4
2018-04-18,218.7
2018-04-19,219.8
2018-04-20,225.95
2018-04-23,230.25
2018-04-24,234.45
2018-04-25,236.5
2018-04-26,236.25
2018-04-27,236.5
2018-04-30,229.25
2018-05-02,233.6
2018-05-03,224.0
2018-05-04,229.0
2018-05-07,223.8
2018-05-08,230.6
2018-05-09,228.3
2018-05-10,231.55
2018-05-11,232.55
2018-05-14,236.5
2018-05-15,236.5
2018-05-16,237.5
2018-05-17,239.75
2018-05-18,245.95
2018-05-21,242.9
2018-05-22,239.5
2018-05-23,239.0
2018-05-24,233.0
2018-05-25,213.4
2018-05-28,218.2
2018-05-29,224.5
2018-05-30,225.8
2018-05-31,217.85
2018-06-01,218.0
2018-06-04,217.0
2018-06-05,218.2
2018-06-06,215.1
2018-06-07,218.15
2018-06-08,221.95
2018-06-11,220.5
2018-06-12,219.7
2018-06-13,224.7
2018-06-14,224.75
2018-06-15,222.8
2018-06-18,221.5
2018-06-19,217.0
2018-06-20,214.35
2018-06-21,212.0
2018-06-22,210.0
2018-06-25,213.0
2018-06-26,209.75
2018-06-27,213.0
2018-06-28,208.0
2018-06-29,204.0
2018-07-02,210.25
2018-07-03,207.55
2018-07-04,209.85
2018-07-05,208.0
2018-07-06,205.65
2018-07-09,206.55
2018-07-10,206.55
2018-07-11,207.5
2018-07-12,213.2
2018-07-13,210.05
2018-07-16,205.55
2018-07-17,206.0
2018-07-18,207.05
2018-07-19,213.1
2018-07-20,209.7
2018-07-23,208.6
2018-07-24,207.4
2018-07-25,208.9
2018-07-26,205.95
2018-07-27,208.4
2018-07-30,211.0
2018-07-31,213.0
2018-08-01,210.6
2018-08-02,215.3
2018-08-03,213.6
2018-08-06,212.0
2018-08-07,215.0
2018-08-08,215.0
2018-08-09,217.0
2018-08-10,215.0
2018-08-13,214.5
2018-08-14,214.4
2018-08-16,207.0
2018-08-17,205.0
2018-08-20,206.4
2018-08-21,208.0
2018-08-23,208.0
2018-08-24,207.0
2018-08-27,207.05
2018-08-28,212.8
2018-08-29,209.6
2018-08-30,209.9
2018-08-31,212.8
2018-09-03,215.0
2018-09-04,212.7
2018-09-05,209.8
2018-09-06,205.6
2018-09-07,208.95
2018-09-10,207.75
2018-09-11,204.2
2018-09-12,204.95
2018-09-14,204.0
2018-09-17,205.65
2018-09-18,206.0
2018-09-19,205.6
2018-09-21,208.0
2018-09-24,221.05
2018-09-25,220.7
2018-09-26,225.0
2018-09-27,217.0
2018-09-28,216.75
2018-10-01,223.8
2018-10-03,219.5
2018-10-04,220.0
2018-10-05,198.05
2018-10-08,186.6
2018-10-09,194.6
2018-10-10,193.0
2018-10-11,195.6
2018-10-12,199.3
2018-10-15,205.0
2018-10-16,207.0
2018-10-17,209.55
2018-10-19,201.0
2018-10-22,204.5
2018-10-23,199.5
2018-10-24,195.75
2018-10-25,193.0
2018-10-26,201.6
2018-10-29,198.15
2018-10-30,199.0
2018-10-31,196.15
2018-11-01,198.0
2018-11-02,202.0
2018-11-05,202.4
2018-11-06,198.75
2018-11-07,199.9
2018-11-09,197.5
2018-11-12,200.75
2018-11-13,204.0
2018-11-14,202.1
2018-11-15,203.75
2018-11-16,201.3
2018-11-19,203.6
2018-11-20,200.0
2018-11-21,203.5
2018-11-22,202.05
2018-11-26,206.0
2018-11-27,200.45
2018-11-28,200.0
2018-11-29,198.7
2018-11-30,190.0
2018-12-03,186.25
2018-12-04,188.9
2018-12-05,186.35
2018-12-06,182.9
2018-12-07,181.15
2018-12-10,176.0
2018-12-11,171.95
2018-12-12,173.95
2018-12-13,175.5
2018-12-14,175.1
2018-12-17,176.9
2018-12-18,179.5
2018-12-19,178.25
2018-12-20,178.9
2018-12-21,180.35
2018-12-24,178.0
2018-12-26,175.0
2018-12-27,173.6
2018-12-28,172.45
2018-12-31,178.1
2019-01-01,175.0
2019-01-02,175.8
2019-01-03,172.8
2019-01-04,172.05
